2tc-calculamedia,calculamedia
2tc-carroix35,carroix35
2tc-circulo,circulo
2tc-classecorreta,classecorreta
2tc-classificandoporidade,classificandoporidade
2tc-cliente,cliente
2tc-combocheckeradiobox,combocheckeradiobox
2tc-comercio,comercio
2tc-conexaocombancodedados,conexaocombancodedados
2tc-conexaocombancodedadosalunos,conexaocombancodedadosalunos
2tc-conexaojava,conexaojava
2tc-conexaomysqlmelhor,conexaomysqlmelhor
2tc-conexaomysqlmelhor_v1,conexaomysqlmelhor_v1
2tc-controle bancario,controle bancario
2tc-cordefundojanelajava,cordefundojanelajava
2tc-datasemjava,datasemjava
2tc-declaracaodevariaveis,declaracaodevariaveis
2tc-definiriconesjava,definiriconesjava
2tc-desabilitarehabilitarobjetos,desabilitarehabilitarobjetos
2tc-exemplojmenubar,exemplojmenubar
2tc-exemplomsgjoptionpane,exemplomsgjoptionpane
2tc-exemplosapplet,exemplosapplet
2tc-exemplosswing,exemplosswing
2tc-exemplows,exemplows
2tc-exercicio carro,exercicio carro
2tc-exercicio_login,exercicio_login
2tc-gamebolinha,gamebolinha
2tc-iconeformulariojava,iconeformulariojava
2tc-labelcomimagem,labelcomimagem
2tc-labelcomimagemnew1,labelcomimagemnew1
2tc-m2-strings,strings
2tc-maioroumenornumero,maioroumenornumero
2tc-meuprimeirojogo,meuprimeirojogo
2tc-programandoviagem,programandoviagem
2tc-projabrirtela,projabrirtela
2tc-projetocadastra,projetocadastra
2tc-projetocirculo,projetocirculo
2tc-projetocombanco,projetocombanco
2tc-projetogamebolinha,projetogamebolinha
2tc-projetotriangulo,projetotriangulo
2tc-projetoviagem,projetoviagem
2tc-projexcursao,projexcursao
2tc-projtriangulo,projtriangulo
2tc-rl-cadastro-cliente,rl-cadastro-cliente
2tc-string-char,string-char
2tc-swingaula 2-3,swingaula 2-3
2tc-telacordefundo,telacordefundo
2tc-telalogin,telalogin
2tc-testeecapsulamento2,testeecapsulamento2
2tc-testeecf,testeecf
2tc-testeencapsulamento,testeencapsulamento
2tc-testepanel,testepanel
2tc-tipodedados,tipodedados
2tc-triangulo,triangulo
2tc-triangulo1,triangulo1
2tc-trianguloconsole,trianguloconsole
2tc-usuario,usuario
3tc-carroscomtests,carroscomtests
3tc-catalogomidias,catalogomidias
3tc-conexaojavamaven,conexaojavamaven
3tc-controlederepeticao,controlederepeticao
3tc-sisbase,sisbase
3tc-testantesedepois,testantesedepois
3tc-usandohibernate,usandohibernate
3tc-usandointerfacesepolimorfismo,usandointerfacesepolimorfismo
3tc-usandomodelagemhibernate,usandomodelagemhibernate
3tc-usandoregex,usandoregex
3tc-utilizandothreademcontador,utilizandothreademcontador
api-rest,api-rest
aplicacaorodavolante,aplicacaorodavolante
appteste,appteste
arrayssimples-exemplo,arrayssimples-exemplo
ascii-exemplo,ascii-exemplo
aulaappletawt,aulaappletawt
aulahibernate,aulahibernate
aulaTP01,aulaTP01
bancobg,bancobg
bghibernate,bghibernate
bibliotecawebbgcommons,bibliotecawebbgcommons
bibliotecawebbgserver,bibliotecawebbgserver
blvendaspdvmysql,blvendaspdvmysql
br.com.carloskafka.sisprojetohibernate,br.com.carloskafka.sisprojetohibernate
cadastroCliente,cadastroCliente
cadastrocliente-exemplo,cadastrocliente-exemplo
cadastroUsuario,cadastroUsuario
calculadora,calculadora
calculadora-davi,calculadora-davi
casadocodigojavaee,casadocodigojavaee
comhibernate,comhibernate
conexaojavabd,conexaojavabd
conexaoJavaMysqlDocker,conexaoJavaMysqlDocker
ConexaoSQLServer,ConexaoSQLServer
controlebancario,controlebancario
controle bancario -01 - heranca,controle bancario -01 - heranca
controle bancario -02 - sobrecarga-sobrescrita,controle bancario -02 - sobrecarga-sobrescrita
controle bancario - 03 - gerenciador de conta,controle bancario - 03 - gerenciador de conta
controle bancario - 04  gerenciador de conta e array polimorfico,controle bancario - 04  gerenciador de conta e array polimorfico
controle bancario - aula 4,controle bancario - aula 4
controle bancario - aula 4 array poli,controle bancario - aula 4 array poli
controle bancario - aula 4 poli,controle bancario - aula 4 poli
controlebancarior,controlebancarior
controle bancario simples,controle bancario simples
controlemovimentacao,controlemovimentacao
ControleMovimentacaoEtec,ControleMovimentacaoEtec
copiararquivo,copiararquivo
cx,cx
dirs.txt,dirs.txt
docs-uml-sql,docs-uml-sql
drogaria,drogaria
enumcombocheckradio,enumcombocheckradio
escola-ita,escola-ita
estaticaxinstancia-ita,estaticaxinstancia-ita
etec-bg,etec-bg
euexisto-exemplo,euexisto-exemplo
exemplo2mvc,exemplo2mvc
exemploAPIConsulta,exemploAPIConsulta
exemplodatahora,exemplodatahora
exemploDeMenu,exemploDeMenu
exemploDesignPatternsStrategy,exemploDesignPatternsStrategy
exemploexceptions01-trycatchfinally,exemploexceptions01-trycatchfinally
exemploexceptions02-detalhesdoerro,exemploexceptions02-detalhesdoerro
exemploexceptions03-throw,exemploexceptions03-throw
exemploexceptions04-throws,exemploexceptions04-throws
exemploTellDontAsk,exemploTellDontAsk
exercicio_1,exercicio_1
exerciciospci,exerciciospci
gerenciadorfinanceiro,gerenciadorfinanceiro
gerenciamentobancario,gerenciamentobancario
gerenciamentocliente,gerenciamentocliente
gs-rest-service-master,gs-rest-service-master
guiformexamples,guiformexamples
heranca-mamiferos-som-exemplo,heranca-mamiferos-som-exemplo
importadortxt,importadortxt
JavaEE7CRUD-master,JavaEE7CRUD-master
javaweb,javaweb
javaWebPrimeFaces,javaWebPrimeFaces
jboss-javaee-webapp,jboss-javaee-webapp
jogocartasblackjack,jogocartasblackjack
livraria01,livraria01
livraria01-slide05-heranca,livraria01-slide05-heranca
livraria01-slide05-heranca-projeto,livraria01-slide05-heranca-projeto
livraria02,livraria02
livraria02-slide16-sobrescritasobrecarga,livraria02-slide16-sobrescritasobrecarga
livraria03,livraria03
livraria03-slide24-classemetodoabstrato,livraria03-slide24-classemetodoabstrato
livraria04-slide29-polimorfismo,livraria04-slide29-polimorfismo
livraria05-slide36-arraypolimorfico,livraria05-slide36-arraypolimorfico
livraria-06,livraria-06
livraria1,livraria1
livraria4,livraria4
livraria5,livraria5
livrariadigital,livrariadigital
LivrariaDigitalEtec,LivrariaDigitalEtec
m2-arraylist-exemplo01,arraylist-exemplo01
m2-arraylist-exemplo02,arraylist-exemplo02
m2-arraylist-exemplo03,arraylist-exemplo03
m2-arraylist-exemplo04,arraylist-exemplo04
m2-arraylist-exemplo05,arraylist-exemplo05
m2-exemplodatahora,exemplodatahora
m2-formatacaonumeros,formatacaonumeros
m2-strings,strings
m3_aulaappletawt,aulaappletawt
m3_aulaappletsite,aulaappletsite
m3_exemplosapplet,exemplosapplet
mailsender,mailsender
manipulacaoenum,manipulacaoenum
mediadenotas,mediadenotas
menutreeview,menutreeview
meuprimeiro2netbeans,meuprimeiro2netbeans
Nivel-JavaEE-CodigoFuente,Nivel-JavaEE-CodigoFuente
OlaMundoEJB,OlaMundoEJB
OlaMundoJavaEE,OlaMundoJavaEE
OlaMundoJPA,OlaMundoJPA
padr-es-de-projeto-master,padr-es-de-projeto-master
PessoaEJB,PessoaEJB
pokemon-exemplo,pokemon-exemplo
primeiroprojetojpa,primeiroprojetojpa
primeiroprojetonetbeans,primeiroprojetonetbeans
primeiroprojetonetbeans_a,primeiroprojetonetbeans_a
primeiroProjetoTP,primeiroProjetoTP
projetobanco-ita,projetobanco-ita
projetoBibliotecaNetBeans,projetoBibliotecaNetBeans
projetoCadastroComHibernate,projetoCadastroComHibernate
projetocompraparcelada-ita,projetocompraparcelada-ita
projetofinalead,projetofinalead
projetoFlappyBird,projetoFlappyBird
projetoformatadornome,projetoformatadornome
projetoimc-ita,projetoimc-ita
projetoJogoDaMemoria,projetoJogoDaMemoria
projetojogopalavrasembaralhadas,projetojogopalavrasembaralhadas
projetoleituradearquivotxt,projetoleituradearquivotxt
projetoNumerosRandomicos,projetoNumerosRandomicos
projetooperadoresaritmeticos,projetooperadoresaritmeticos
projetopato,projetopato
projetopizzaria-ita,projetopizzaria-ita
projetopontuacao-ita,projetopontuacao-ita
projetoPortableUSBWebserver,projetoPortableUSBWebserver
projetorecuperacaolead,projetorecuperacaolead
projetosdeteste,projetosdeteste
ProjetoTela,ProjetoTela
projetotiposdeprodutos2,projetotiposdeprodutos2
projetotiposdeprodutos3-ita,projetotiposdeprodutos3-ita
projetotiposdeprodutos-ita,projetotiposdeprodutos-ita
projetotratamentodeexcecao,projetotratamentodeexcecao
projetousandointerfaces,projetousandointerfaces
projetousandointerfaces-ita,projetousandointerfaces-ita
projetowebjpa,projetowebjpa
projetowebjsf2,projetowebjsf2
projetoWebServer_c,projetoWebServer_c
restful,restful
sga-jee,sga-jee
sgfapm,sgfapm
sisAPMEtec,sisAPMEtec
sisBibliotecaEtec,sisBibliotecaEtec
sisgerenciadorcpd,sisgerenciadorcpd
sishibernate,sishibernate
sishibernateclient,sishibernateclient
sishibernatecommons,sishibernatecommons
sishibernateserver,sishibernateserver
sisintranetclient,sisintranetclient
sisjogopalavrasembaralhadas,sisjogopalavrasembaralhadas
sisjpaspring,sisjpaspring
sispizzaria,sispizzaria
sisprojeto,sisprojeto
sistimecliente,sistimecliente
sistimeserver,sistimeserver
sisweb,sisweb
somadoisnumerosprof,somadoisnumerosprof
somadoisvalores,somadoisvalores
strategyanimais,strategyanimais
strategyestacionamento,strategyestacionamento
telacordefundo,telacordefundo
telacordefundo_a,telacordefundo_a
telamenu,telamenu
teste,teste
ussenterprise,ussenterprise
viagens-api,viagens-api
ViagensAPI,ViagensAPI
webappjsf,webappjsf
webjavaee7crud-master,webjavaee7crud-master
web-jsf,web-jsf
zsistemabghibernate,zsistemabghibernate